feature_index,feature_name,semantic_type,pandas_dtype,num_unique_values,sample_values
0,duration,numerical_continuous_or_count,int64,2981,"[0, 5607, 507, 1, 2]"
1,protocol_type,categorical_nominal,str,3,"['tcp', 'udp', 'icmp']"
2,service,categorical_nominal,str,70,"['ftp_data', 'other', 'private', 'http', 'remote_job']"
3,flag,categorical_nominal,str,11,"['SF', 'S0', 'REJ', 'RSTR', 'SH']"
4,src_bytes,numerical_continuous_or_count,int64,3341,"[491, 146, 0, 232, 199]"
5,dst_bytes,numerical_continuous_or_count,int64,9326,"[0, 8153, 420, 2251, 13788]"
6,land,binary_integer,int64,2,"[0, 1]"
7,wrong_fragment,numerical_continuous_or_count,int64,3,"[0, 3, 1]"
8,urgent,numerical_continuous_or_count,int64,4,"[0, 1, 3, 2]"
9,hot,numerical_continuous_or_count,int64,28,"[0, 5, 6, 4, 2]"
10,num_failed_logins,numerical_continuous_or_count,int64,6,"[0, 2, 1, 3, 4]"
11,logged_in,binary_integer,int64,2,"[0, 1]"
12,num_compromised,numerical_continuous_or_count,int64,88,"[0, 3, 2, 1, 19]"
13,root_shell,binary_integer,int64,2,"[0, 1]"
14,su_attempted,binary_integer,int64,3,"[0, 1, 2]"
15,num_root,numerical_continuous_or_count,int64,82,"[0, 9, 10, 1, 5]"
16,num_file_creations,numerical_continuous_or_count,int64,35,"[0, 1, 8, 4, 2]"
17,num_shells,numerical_continuous_or_count,int64,3,"[0, 1, 2]"
18,num_access_files,numerical_continuous_or_count,int64,10,"[0, 1, 2, 3, 5]"
19,num_outbound_cmds,numerical_continuous_or_count,int64,1,[0]
20,is_host_login,binary_integer,int64,2,"[0, 1]"
21,is_guest_login,binary_integer,int64,2,"[0, 1]"
22,count,numerical_continuous_or_count,int64,512,"[2, 13, 123, 5, 30]"
23,srv_count,numerical_continuous_or_count,int64,509,"[2, 1, 6, 5, 32]"
24,serror_rate,numerical_continuous_or_count,float64,89,"[0.0, 1.0, 0.2, 0.02, 0.1]"
25,srv_serror_rate,numerical_continuous_or_count,float64,86,"[0.0, 1.0, 0.2, 0.11, 0.02]"
26,rerror_rate,numerical_continuous_or_count,float64,82,"[0.0, 1.0, 0.03, 0.89, 0.94]"
27,srv_rerror_rate,numerical_continuous_or_count,float64,62,"[0.0, 1.0, 0.03, 0.1, 0.2]"
28,same_srv_rate,numerical_continuous_or_count,float64,101,"[1.0, 0.08, 0.05, 0.16, 0.14]"
29,diff_srv_rate,numerical_continuous_or_count,float64,95,"[0.0, 0.15, 0.07, 0.06, 0.05]"
30,srv_diff_host_rate,numerical_continuous_or_count,float64,60,"[0.0, 0.09, 0.43, 0.22, 0.2]"
31,dst_host_count,numerical_continuous_or_count,int64,256,"[150, 255, 30, 8, 2]"
32,dst_host_srv_count,numerical_continuous_or_count,int64,256,"[25, 1, 26, 255, 19]"
33,dst_host_same_srv_rate,numerical_continuous_or_count,float64,101,"[0.17, 0.0, 0.1, 1.0, 0.07]"
34,dst_host_diff_srv_rate,numerical_continuous_or_count,float64,101,"[0.03, 0.6, 0.05, 0.0, 0.07]"
35,dst_host_same_src_port_rate,numerical_continuous_or_count,float64,101,"[0.17, 0.88, 0.0, 0.03, 0.12]"
36,dst_host_srv_diff_host_rate,numerical_continuous_or_count,float64,75,"[0.0, 0.04, 0.03, 0.2, 0.02]"
37,dst_host_serror_rate,numerical_continuous_or_count,float64,101,"[0.0, 1.0, 0.03, 0.99, 0.53]"
38,dst_host_srv_serror_rate,numerical_continuous_or_count,float64,100,"[0.0, 1.0, 0.01, 0.02, 0.88]"
39,dst_host_rerror_rate,numerical_continuous_or_count,float64,101,"[0.05, 0.0, 1.0, 0.02, 0.56]"
40,dst_host_srv_rerror_rate,numerical_continuous_or_count,float64,101,"[0.0, 0.01, 1.0, 0.16, 0.57]"
41,label,target_label,str,23,"['normal', 'neptune', 'warezclient', 'ipsweep', 'portsweep']"
42,difficulty,metadata_integer,int64,22,"[20, 15, 19, 21, 18]"
