model,r2l_label,train_count,test_count,train_share_r2l_pct,test_share_r2l_pct,representation_status,tp,fn,detection_rate_pct
Logistic Regression,ftp_write,8,3,0.8,0.1,shared,1.0,2.0,33.33
Logistic Regression,guess_passwd,53,1231,5.33,42.67,shared,6.0,1225.0,0.49
Logistic Regression,httptunnel,0,133,0.0,4.61,test_only,2.0,131.0,1.5
Logistic Regression,imap,11,1,1.11,0.03,shared,1.0,0.0,100.0
Logistic Regression,multihop,7,18,0.7,0.62,shared,2.0,16.0,11.11
Logistic Regression,named,0,17,0.0,0.59,test_only,1.0,16.0,5.88
Logistic Regression,phf,4,2,0.4,0.07,shared,0.0,2.0,0.0
Logistic Regression,sendmail,0,14,0.0,0.49,test_only,1.0,13.0,7.14
Logistic Regression,snmpgetattack,0,178,0.0,6.17,test_only,1.0,177.0,0.56
Logistic Regression,snmpguess,0,331,0.0,11.47,test_only,2.0,329.0,0.6
Logistic Regression,spy,2,0,0.2,0.0,train_only,,,
Logistic Regression,warezclient,890,0,89.45,0.0,train_only,,,
Logistic Regression,warezmaster,20,944,2.01,32.72,shared,15.0,929.0,1.59
Logistic Regression,xlock,0,9,0.0,0.31,test_only,2.0,7.0,22.22
Logistic Regression,xsnoop,0,4,0.0,0.14,test_only,0.0,4.0,0.0
Decision Tree,ftp_write,8,3,0.8,0.1,shared,3.0,0.0,100.0
Decision Tree,guess_passwd,53,1231,5.33,42.67,shared,0.0,1231.0,0.0
Decision Tree,httptunnel,0,133,0.0,4.61,test_only,109.0,24.0,81.95
Decision Tree,imap,11,1,1.11,0.03,shared,1.0,0.0,100.0
Decision Tree,multihop,7,18,0.7,0.62,shared,5.0,13.0,27.78
Decision Tree,named,0,17,0.0,0.59,test_only,4.0,13.0,23.53
Decision Tree,phf,4,2,0.4,0.07,shared,1.0,1.0,50.0
Decision Tree,sendmail,0,14,0.0,0.49,test_only,1.0,13.0,7.14
Decision Tree,snmpgetattack,0,178,0.0,6.17,test_only,0.0,178.0,0.0
Decision Tree,snmpguess,0,331,0.0,11.47,test_only,328.0,3.0,99.09
Decision Tree,spy,2,0,0.2,0.0,train_only,,,
Decision Tree,warezclient,890,0,89.45,0.0,train_only,,,
Decision Tree,warezmaster,20,944,2.01,32.72,shared,167.0,777.0,17.69
Decision Tree,xlock,0,9,0.0,0.31,test_only,0.0,9.0,0.0
Decision Tree,xsnoop,0,4,0.0,0.14,test_only,1.0,3.0,25.0
Random Forest,ftp_write,8,3,0.8,0.1,shared,0.0,3.0,0.0
Random Forest,guess_passwd,53,1231,5.33,42.67,shared,0.0,1231.0,0.0
Random Forest,httptunnel,0,133,0.0,4.61,test_only,13.0,120.0,9.77
Random Forest,imap,11,1,1.11,0.03,shared,0.0,1.0,0.0
Random Forest,multihop,7,18,0.7,0.62,shared,1.0,17.0,5.56
Random Forest,named,0,17,0.0,0.59,test_only,2.0,15.0,11.76
Random Forest,phf,4,2,0.4,0.07,shared,1.0,1.0,50.0
Random Forest,sendmail,0,14,0.0,0.49,test_only,0.0,14.0,0.0
Random Forest,snmpgetattack,0,178,0.0,6.17,test_only,0.0,178.0,0.0
Random Forest,snmpguess,0,331,0.0,11.47,test_only,0.0,331.0,0.0
Random Forest,spy,2,0,0.2,0.0,train_only,,,
Random Forest,warezclient,890,0,89.45,0.0,train_only,,,
Random Forest,warezmaster,20,944,2.01,32.72,shared,142.0,802.0,15.04
Random Forest,xlock,0,9,0.0,0.31,test_only,0.0,9.0,0.0
Random Forest,xsnoop,0,4,0.0,0.14,test_only,1.0,3.0,25.0
